time_based_rssi,label,KNN_mean,KNN_rounded,XGBoost_mean,XGBoost_rounded,Claude_Opus4.6,Gemini_3.1_pro
"2026-03-08 15:09:02.052,-65,-66,-66,-61;2026-03-08 15:09:02.053,-66,-68,-71,-57;2026-03-08 15:09:02.054,-69,-68,-73,-54;2026-03-08 15:09:02.449,-66,-67,-66,-54;2026-03-08 15:09:03.035,-72,-66,-69,-54;2026-03-08 15:09:03.430,-69,,-63,-57;2026-03-08 15:09:03.632,,-67,-68,-53;2026-03-08 15:09:03.847,,,-76,-60;2026-03-08 15:09:04.049,,-67,-78,-60;2026-03-08 15:09:04.255,,-65,-68,-52;2026-03-08 15:09:04.466,,-67,-68,-56;2026-03-08 15:09:04.671,,-68,-77,-56;2026-03-08 15:09:04.870,,,-69,;2026-03-08 15:09:05.068,-65,,-71,-53;2026-03-08 15:09:05.463,,-77,-73,-59;2026-03-08 15:09:05.874,,,-74,-59;2026-03-08 15:09:06.273,,-69,,;2026-03-08 15:09:06.474,-69,,-67,-53;2026-03-08 15:09:06.873,,-68,-67,-53;2026-03-08 15:09:07.071,,,-65,;2026-03-08 15:09:07.289,-70,-68,-74,-60;2026-03-08 15:09:07.499,,-69,-64,-60;2026-03-08 15:09:07.702,,-68,-69,-53;2026-03-08 15:09:07.900,,,,-60;2026-03-08 15:09:08.099,,-69,-66,;2026-03-08 15:09:08.299,,-78,-71,;2026-03-08 15:09:08.498,-69,,-77,;2026-03-08 15:09:08.698,,-67,,;2026-03-08 15:09:09.098,-69,,-79,;2026-03-08 15:09:09.295,,-67,,;2026-03-08 15:09:09.507,,,-77,;2026-03-08 15:09:09.707,-70,-67,,;2026-03-08 15:09:09.903,,,,-57;2026-03-08 15:09:09.904,,,,-60;2026-03-08 15:09:10.106,,-66,-75,-53;2026-03-08 15:09:10.304,-69,,,;2026-03-08 15:09:10.504,,-68,,-53;2026-03-08 15:09:10.914,-69,-68,-67,;2026-03-08 15:09:11.113,-66,-65,-74,-56;2026-03-08 15:09:11.315,,,,-52;2026-03-08 15:09:11.527,-67,,-77,-59;2026-03-08 15:09:11.727,-68,-69,-65,-56;2026-03-08 15:09:11.927,-69,-66,-66,-56",0,0.3333333333333333,0,0.5555555555555556,1,0,1
"2026-03-08 15:09:19.505,-70,-72,-69,-52;2026-03-08 15:09:19.506,-61,-70,-68,-59;2026-03-08 15:09:19.705,,,-71,-61;2026-03-08 15:09:19.913,,-65,-67,-50;2026-03-08 15:09:20.113,,,-78,-49;2026-03-08 15:09:20.514,,-63,,;2026-03-08 15:09:21.110,,-75,,;2026-03-08 15:09:21.913,,,-66,-50;2026-03-08 15:09:22.124,-64,,,;2026-03-08 15:09:22.322,,,,-52;2026-03-08 15:09:22.533,,,-64,-71;2026-03-08 15:09:22.735,,,-65,;2026-03-08 15:09:23.133,,,,-51;2026-03-08 15:09:23.531,,-64,-73,-71;2026-03-08 15:09:23.932,-64,,,;2026-03-08 15:09:23.933,-63,,,;2026-03-08 15:09:24.131,,-63,-74,-51;2026-03-08 15:09:24.531,-62,-75,-73,;2026-03-08 15:09:24.732,-62,-63,-81,-48;2026-03-08 15:09:24.937,-64,-73,-64,-70;2026-03-08 15:09:25.147,-61,,-71,;2026-03-08 15:09:25.347,-62,-63,-75,-48;2026-03-08 15:09:25.548,-63,-68,-65,-52;2026-03-08 15:09:25.747,-62,-66,-71,-68;2026-03-08 15:09:25.953,-63,-74,-65,-52;2026-03-08 15:09:26.160,,,-72,-69;2026-03-08 15:09:26.361,-64,-75,-80,-49;2026-03-08 15:09:26.764,-62,-66,,;2026-03-08 15:09:26.765,,,-65,-52;2026-03-08 15:09:27.164,-64,-73,-73,-69;2026-03-08 15:09:27.783,-64,-67,-65,-52;2026-03-08 15:09:28.391,,,-77,-52;2026-03-08 15:09:28.793,-63,,,;2026-03-08 15:09:28.993,,-63,,-49;2026-03-08 15:09:29.192,-64,-68,-66,-69;2026-03-08 15:09:29.391,-63,-63,-65,-49",0,0.5384615384615384,1,0.4615384615384615,0,0,0
"2026-03-08 15:09:36.701,-68,-63,-63,-53;2026-03-08 15:09:37.097,-64,,,-72;2026-03-08 15:09:37.298,-64,-64,-63,-53;2026-03-08 15:09:37.499,-70,-63,-64,-67;2026-03-08 15:09:37.704,,,-64,;2026-03-08 15:09:37.907,,-58,,-55;2026-03-08 15:09:38.109,,,-69,;2026-03-08 15:09:38.310,-69,,,;2026-03-08 15:09:38.509,,-58,,-53;2026-03-08 15:09:38.712,-65,,,;2026-03-08 15:09:38.926,,-64,-76,-62;2026-03-08 15:09:39.322,-67,,,;2026-03-08 15:09:39.523,,-62,-61,-63;2026-03-08 15:09:39.924,-70,,,;2026-03-08 15:09:40.118,-65,-64,-63,-62;2026-03-08 15:09:40.330,-68,-63,-65,-55;2026-03-08 15:09:40.528,-66,-64,-73,-62;2026-03-08 15:09:40.737,-64,-59,-61,-62;2026-03-08 15:09:40.942,-66,-59,-68,-52;2026-03-08 15:09:41.148,-64,-59,-61,-60;2026-03-08 15:09:41.360,-67,-58,-68,-51;2026-03-08 15:09:41.768,,,-70,-54;2026-03-08 15:09:41.966,-68,-64,,;2026-03-08 15:09:42.169,-67,,-69,-52;2026-03-08 15:09:42.566,,-60,,;2026-03-08 15:09:42.964,,,-61,-61;2026-03-08 15:09:43.164,-65,-58,,;2026-03-08 15:09:43.366,-69,-62,-66,-60;2026-03-08 15:09:43.566,-67,,-65,-52;2026-03-08 15:09:43.768,,-58,-62,;2026-03-08 15:09:43.987,-66,-61,-61,-61;2026-03-08 15:09:44.197,-71,-58,-66,-53;2026-03-08 15:09:44.399,-68,-64,-62,-52;2026-03-08 15:09:44.600,,,-65,-60;2026-03-08 15:09:44.807,-67,-65,-62,-52;2026-03-08 15:09:45.420,,,-65,-51;2026-03-08 15:09:45.824,,,-61,-60;2026-03-08 15:09:46.245,,,-65,",0,0.4666666666666667,0,0.8666666666666667,1,0,0
"2026-03-08 15:10:52.994,-68,-72,-69,-55;2026-03-08 15:10:52.995,-58,-71,-71,-48;2026-03-08 15:10:53.195,-59,-68,,-46;2026-03-08 15:10:53.394,,-73,-65,-48;2026-03-08 15:10:53.599,,-66,-66,-46;2026-03-08 15:10:53.600,,,,-54;2026-03-08 15:10:53.800,,-66,-66,-48;2026-03-08 15:10:54.000,,-72,-68,-53;2026-03-08 15:10:54.200,,-71,-71,;2026-03-08 15:10:54.398,,,,-47;2026-03-08 15:10:54.613,,,-65,-47;2026-03-08 15:10:54.813,-58,,,;2026-03-08 15:10:55.012,,,-66,-54;2026-03-08 15:10:55.213,-59,,,;2026-03-08 15:10:55.617,,-69,-74,-49;2026-03-08 15:10:56.018,-58,,,;2026-03-08 15:10:56.416,-60,-74,-75,-55;2026-03-08 15:10:56.618,-59,-73,-69,-49;2026-03-08 15:10:56.826,-57,-75,-69,-48;2026-03-08 15:10:57.027,-59,,-72,-51;2026-03-08 15:10:57.243,-58,,-74,-49;2026-03-08 15:10:57.449,,,-64,-49;2026-03-08 15:10:57.663,-58,,-69,-49;2026-03-08 15:10:57.874,-58,,-66,-50;2026-03-08 15:10:58.075,-58,,-67,-51;2026-03-08 15:10:58.285,-58,,-66,-49;2026-03-08 15:10:58.495,-59,-77,-68,-50;2026-03-08 15:10:58.700,-58,-71,-68,-49;2026-03-08 15:10:58.902,-58,-70,-71,-55;2026-03-08 15:10:59.104,-58,-70,-65,-48;2026-03-08 15:10:59.325,-59,-68,-71,-54;2026-03-08 15:10:59.734,-57,,,;2026-03-08 15:10:59.934,,-73,-64,-54;2026-03-08 15:11:00.334,-58,,-67,-53;2026-03-08 15:11:00.540,,-67,,;2026-03-08 15:11:00.942,-60,,-72,-49;2026-03-08 15:11:01.143,,-71,,;2026-03-08 15:11:01.343,-57,,-72,-49;2026-03-08 15:11:01.549,,-71,,;2026-03-08 15:11:01.750,,,-65,-47;2026-03-08 15:11:01.969,,-67,-66,-49;2026-03-08 15:11:02.171,,-66,-65,-48;2026-03-08 15:11:02.379,,-66,-66,-54;2026-03-08 15:11:02.582,,,-66,;2026-03-08 15:11:02.787,,-73,-62,-47",0,0.2,0,0.0,0,0,0
"2026-03-08 15:11:30.255,-70,-73,-72,-57;2026-03-08 15:11:30.256,-68,-70,-68,-58;2026-03-08 15:11:30.454,-72,-65,-68,-50;2026-03-08 15:11:30.660,-70,-63,-68,-51;2026-03-08 15:11:30.862,-70,-77,,;2026-03-08 15:11:31.063,-69,-73,,-57;2026-03-08 15:11:31.269,,,-68,;2026-03-08 15:11:31.470,-65,,,-66;2026-03-08 15:11:31.884,-68,,-64,-67;2026-03-08 15:11:32.084,,-67,,;2026-03-08 15:11:32.300,-72,,-68,-56;2026-03-08 15:11:32.696,,-69,,;2026-03-08 15:11:32.904,-70,,-66,-56;2026-03-08 15:11:33.104,-64,-69,-68,-56;2026-03-08 15:11:33.304,-61,-70,-66,-53;2026-03-08 15:11:33.503,,,-63,;2026-03-08 15:11:33.700,-67,-72,-66,-53;2026-03-08 15:11:33.905,-67,-70,-61,-68;2026-03-08 15:11:34.100,-63,-67,-67,-56;2026-03-08 15:11:34.308,-61,-75,-68,;2026-03-08 15:11:34.524,-71,-71,-70,-60;2026-03-08 15:11:34.743,-64,-70,-67,-57;2026-03-08 15:11:34.942,-72,-71,-69,-62;2026-03-08 15:11:35.143,-65,-73,-62,-71;2026-03-08 15:11:35.344,-70,-69,-66,;2026-03-08 15:11:35.743,-66,-72,,-73;2026-03-08 15:11:35.941,,,-68,;2026-03-08 15:11:36.341,-71,-65,,-56;2026-03-08 15:11:36.541,,,-67,;2026-03-08 15:11:36.949,-68,-65,,-53;2026-03-08 15:11:37.163,,,-65,;2026-03-08 15:11:37.364,-73,-71,-66,-56;2026-03-08 15:11:37.566,-71,-66,-67,-53;2026-03-08 15:11:37.775,-71,-73,-67,-56;2026-03-08 15:11:37.980,-69,,-68,-52;2026-03-08 15:11:38.188,,,-64,-61;2026-03-08 15:11:38.386,-71,-65,-68,-56;2026-03-08 15:11:38.598,,-75,-68,-60;2026-03-08 15:11:38.801,,-74,-69,-50;2026-03-08 15:11:39.001,,-66,-66,-50;2026-03-08 15:11:39.416,,-66,-67,-65;2026-03-08 15:11:39.622,-65,,,",0,0.2941176470588235,0,0.2941176470588235,0,0,1
"2026-03-08 15:12:06.009,-65,-68,-79,-59;2026-03-08 15:12:06.209,,-67,,;2026-03-08 15:12:06.603,-64,,,;2026-03-08 15:12:06.805,,-73,,;2026-03-08 15:12:07.015,-65,,,;2026-03-08 15:12:07.415,,-66,,;2026-03-08 15:12:07.416,-60,-82,,;2026-03-08 15:12:07.618,-62,-66,,;2026-03-08 15:12:07.826,-61,,,;2026-03-08 15:12:08.038,-65,-66,-76,-72;2026-03-08 15:12:08.274,-61,-69,-72,-70;2026-03-08 15:12:08.478,-65,-66,-67,-58;2026-03-08 15:12:08.688,-62,-66,-75,-49;2026-03-08 15:12:08.886,-65,-67,-67,-70;2026-03-08 15:12:09.492,,-68,,-49;2026-03-08 15:12:09.690,,,-73,;2026-03-08 15:12:10.090,-62,,,-74;2026-03-08 15:12:10.295,,-66,,;2026-03-08 15:12:10.517,,,-72,;2026-03-08 15:12:10.721,-60,-65,,-51;2026-03-08 15:12:10.942,,-66,-74,-59;2026-03-08 15:12:11.144,-62,-68,-73,-50;2026-03-08 15:12:11.346,-62,-65,-71,-59;2026-03-08 15:12:11.553,-66,-69,-72,-50;2026-03-08 15:12:11.754,-62,-66,-75,-75;2026-03-08 15:12:11.958,-61,-76,-74,-51;2026-03-08 15:12:12.162,-66,-67,-70,-59;2026-03-08 15:12:12.377,-61,-74,,;2026-03-08 15:12:12.576,,,-67,-50;2026-03-08 15:12:12.777,-67,,,;2026-03-08 15:12:13.191,-67,,-74,-50;2026-03-08 15:12:13.601,-60,,-69,-60;2026-03-08 15:12:14.418,-63,,-74,-76;2026-03-08 15:12:14.621,,-67,,;2026-03-08 15:12:14.842,,,-72,;2026-03-08 15:12:15.242,,-80,,;2026-03-08 15:12:15.442,,,-70,;2026-03-08 15:12:15.641,,-72,,;2026-03-08 15:12:15.856,,-65,-67,-61",0,0.5,0,0.4166666666666667,0,0,1
"2026-03-08 15:12:23.802,-70,-71,-78,-56;2026-03-08 15:12:23.803,-60,-75,-64,-61;2026-03-08 15:12:24.203,-67,,,;2026-03-08 15:12:24.204,,,-69,;2026-03-08 15:12:24.405,-59,-71,-69,-59;2026-03-08 15:12:24.604,,-74,,;2026-03-08 15:12:24.605,-69,,-70,-59;2026-03-08 15:12:24.813,-60,-72,-72,-60;2026-03-08 15:12:25.013,-59,,-67,-56;2026-03-08 15:12:25.210,-60,,-70,-61;2026-03-08 15:12:25.422,-61,,-70,-57;2026-03-08 15:12:25.624,-61,,,-64;2026-03-08 15:12:25.826,-61,,-70,-63;2026-03-08 15:12:26.027,-64,,-66,-64;2026-03-08 15:12:26.230,-71,,-73,;2026-03-08 15:12:26.429,,,,-56;2026-03-08 15:12:26.631,,,-64,;2026-03-08 15:12:26.837,,,,-55;2026-03-08 15:12:27.037,-66,,,;2026-03-08 15:12:27.236,,,-70,;2026-03-08 15:12:27.449,,-70,,;2026-03-08 15:12:27.648,-67,,,-62;2026-03-08 15:12:28.070,-58,-82,-72,-60;2026-03-08 15:12:28.272,-69,-70,-73,-56;2026-03-08 15:12:28.472,,,,-61;2026-03-08 15:12:28.474,,,,-60;2026-03-08 15:12:28.674,-68,-69,-64,-61;2026-03-08 15:12:28.905,-60,,-69,-62;2026-03-08 15:12:29.109,-58,-82,-68,-61;2026-03-08 15:12:29.313,-70,-69,-65,-59;2026-03-08 15:12:29.533,,-71,-69,;2026-03-08 15:12:30.136,,-74,-78,;2026-03-08 15:12:30.734,,,-71,;2026-03-08 15:12:30.937,-58,,,;2026-03-08 15:12:30.938,-62,,,;2026-03-08 15:12:31.140,,,-69,;2026-03-08 15:12:31.554,,,,-52;2026-03-08 15:12:31.957,,,,-53;2026-03-08 15:12:32.356,,-62,-69,;2026-03-08 15:12:32.574,-64,,,;2026-03-08 15:12:32.990,-66,-71,-72,;2026-03-08 15:12:33.188,,,-74,;2026-03-08 15:12:33.189,-57,-73,,;2026-03-08 15:12:33.585,-57,-72,-73,",0,0.1111111111111111,0,0.6666666666666666,1,0,1
"2026-03-08 15:12:40.562,-60,-70,-65,-53;2026-03-08 15:12:40.563,-60,-69,-68,-57;2026-03-08 15:12:40.955,-65,-67,,-57;2026-03-08 15:12:41.156,,,-69,;2026-03-08 15:12:41.358,,-66,,-47;2026-03-08 15:12:41.562,-65,-71,,-56;2026-03-08 15:12:41.762,-63,-70,,-53;2026-03-08 15:12:41.968,-62,-66,,-52;2026-03-08 15:12:42.170,,-72,,-55;2026-03-08 15:12:42.369,-61,-69,,-55;2026-03-08 15:12:42.585,-61,-66,,-52;2026-03-08 15:12:42.787,-65,-73,,-55;2026-03-08 15:12:43.200,-60,,,-47;2026-03-08 15:12:43.401,,-68,-67,;2026-03-08 15:12:43.802,-60,-66,,;2026-03-08 15:12:43.803,,,-75,-55;2026-03-08 15:12:44.414,-64,-70,-64,-52;2026-03-08 15:12:44.833,-65,-69,-64,-53;2026-03-08 15:12:45.033,,-69,,-55;2026-03-08 15:12:45.235,-64,-70,,;2026-03-08 15:12:45.453,-58,-66,,;2026-03-08 15:12:45.653,-61,,,;2026-03-08 15:12:45.654,-59,-70,,;2026-03-08 15:12:45.860,-58,-66,,;2026-03-08 15:12:46.480,-58,-67,-67,-56;2026-03-08 15:12:46.904,-58,-69,,;2026-03-08 15:12:47.325,,,-67,-49;2026-03-08 15:12:47.555,-67,-78,,;2026-03-08 15:12:47.758,,-74,-72,-64;2026-03-08 15:12:48.163,-61,,,;2026-03-08 15:12:48.377,-59,-67,-69,-56;2026-03-08 15:12:48.593,-65,,-66,-54;2026-03-08 15:12:48.594,,-77,,;2026-03-08 15:12:48.793,,-67,-66,;2026-03-08 15:12:49.000,-65,-66,-74,-48;2026-03-08 15:12:49.219,-57,-66,-65,-48;2026-03-08 15:12:49.439,-66,,,;2026-03-08 15:12:49.640,-60,-73,-67,-54;2026-03-08 15:12:49.839,-58,-66,,-57;2026-03-08 15:12:49.840,,,-73,;2026-03-08 15:12:50.055,,-71,,-48;2026-03-08 15:12:50.056,-66,,-65,-57;2026-03-08 15:12:50.277,,-66,-73,",0,0.5555555555555556,1,0.5555555555555556,1,0,0
"2026-03-08 15:13:21.702,,-63,-61,-49;2026-03-08 15:13:21.703,-67,-68,-64,-48;2026-03-08 15:13:21.901,-76,-70,-68,-47;2026-03-08 15:13:22.101,-63,,-65,-59;2026-03-08 15:13:22.300,,-75,,;2026-03-08 15:13:22.507,-64,-71,-66,-61;2026-03-08 15:13:22.707,,,-70,-53;2026-03-08 15:13:22.906,-68,-71,-60,-61;2026-03-08 15:13:23.103,,-73,-77,-61;2026-03-08 15:13:23.303,-77,-72,-60,-53;2026-03-08 15:13:23.529,-73,-72,-70,;2026-03-08 15:13:23.731,-67,-68,-62,-62;2026-03-08 15:13:23.934,-68,-74,-71,-53;2026-03-08 15:13:24.141,-75,-70,-69,-60;2026-03-08 15:13:24.342,,,-61,-60;2026-03-08 15:13:24.343,-72,,,;2026-03-08 15:13:24.549,,-69,,;2026-03-08 15:13:24.944,-68,,,;2026-03-08 15:13:24.945,,-69,-62,-61;2026-03-08 15:13:25.343,,,-70,-52;2026-03-08 15:13:25.553,-69,-68,,;2026-03-08 15:13:25.976,-66,-69,-61,-61;2026-03-08 15:13:26.579,-64,-67,-62,-61;2026-03-08 15:13:26.779,-74,-74,-72,-51;2026-03-08 15:13:26.978,-69,-69,-62,-62;2026-03-08 15:13:27.198,-64,-67,-63,-58;2026-03-08 15:13:27.400,-65,-69,-65,-59;2026-03-08 15:13:27.605,-73,-69,-72,-52;2026-03-08 15:13:27.805,-67,-69,-61,-61;2026-03-08 15:13:28.006,-68,-70,-66,-52;2026-03-08 15:13:28.238,-65,-69,-62,-61;2026-03-08 15:13:28.838,-63,-66,-63,;2026-03-08 15:13:29.038,,,,-52;2026-03-08 15:13:29.437,-75,-81,-73,-52;2026-03-08 15:13:29.654,-65,-67,-63,-58;2026-03-08 15:13:30.270,-68,-71,-72,-52;2026-03-08 15:13:30.477,,-67,-65,-60;2026-03-08 15:13:30.883,-68,-67,-72,-52;2026-03-08 15:13:31.086,-65,-68,-62,-51;2026-03-08 15:13:31.286,,,-74,-63;2026-03-08 15:13:31.503,-68,-67,-64,-63",0,0.5,0,0.4583333333333333,0,0,1
"2026-03-08 15:13:39.395,-69,-67,-67,-58;2026-03-08 15:13:39.396,-72,-64,-73,-61;2026-03-08 15:13:39.602,,,-71,-56;2026-03-08 15:13:39.809,,,-63,;2026-03-08 15:13:40.024,-65,-66,-75,;2026-03-08 15:13:40.235,-65,-69,-65,;2026-03-08 15:13:40.449,-65,,,;2026-03-08 15:13:40.651,,-69,,;2026-03-08 15:13:40.854,-65,,-68,;2026-03-08 15:13:41.058,,-64,,;2026-03-08 15:13:41.475,,-65,,;2026-03-08 15:13:41.686,-66,,-62,;2026-03-08 15:13:42.287,,-66,-69,;2026-03-08 15:13:42.496,,,,-65;2026-03-08 15:13:42.707,-66,-66,-67,;2026-03-08 15:13:42.912,,,,-60;2026-03-08 15:13:43.127,-64,-69,-69,-57;2026-03-08 15:13:43.329,-74,-68,,-62;2026-03-08 15:13:43.529,-64,-70,-65,-57;2026-03-08 15:13:43.733,-64,-64,-64,-64;2026-03-08 15:13:43.948,-65,-70,-73,-57;2026-03-08 15:13:44.173,-64,,-70,;2026-03-08 15:13:44.377,,-69,-65,-62;2026-03-08 15:13:44.582,,-65,-77,-56;2026-03-08 15:13:44.788,,-64,-69,-63;2026-03-08 15:13:45.197,,-65,-70,-64;2026-03-08 15:13:45.818,,-68,-70,-56;2026-03-08 15:13:46.024,,-65,-64,;2026-03-08 15:13:46.233,-73,,,-64;2026-03-08 15:13:46.656,-64,-66,-71,-56;2026-03-08 15:13:46.905,-70,-65,-64,-62;2026-03-08 15:13:47.113,-64,-68,-70,-57;2026-03-08 15:13:47.323,-72,-68,,-56;2026-03-08 15:13:47.528,-65,-65,-69,-64;2026-03-08 15:13:47.750,-65,-70,-73,-57;2026-03-08 15:13:47.956,-64,,-68,;2026-03-08 15:13:48.160,,-66,,-57;2026-03-08 15:13:48.364,,,-72,;2026-03-08 15:13:48.581,,-70,,;2026-03-08 15:13:48.582,,,,-62;2026-03-08 15:13:48.797,-66,-66,-78,;2026-03-08 15:13:49.002,,,,-57",0,0.7272727272727273,1,0.5454545454545454,1,0,1
"2026-03-08 15:14:24.742,-65,-63,-60,-64;2026-03-08 15:14:24.743,-70,-60,-59,-58;2026-03-08 15:14:24.943,-68,,,-58;2026-03-08 15:14:25.144,,-70,,;2026-03-08 15:14:25.539,-69,,,-59;2026-03-08 15:14:25.756,,-61,,;2026-03-08 15:14:25.957,,-72,-66,;2026-03-08 15:14:26.155,-68,-66,,-67;2026-03-08 15:14:26.355,-67,-64,,-64;2026-03-08 15:14:26.556,-69,-60,,-58;2026-03-08 15:14:26.782,-68,-64,,-58;2026-03-08 15:14:26.984,-69,-70,,-64;2026-03-08 15:14:27.182,-68,,,-58;2026-03-08 15:14:27.183,,-65,,;2026-03-08 15:14:27.380,-69,-60,-58,;2026-03-08 15:14:27.586,,,,-63;2026-03-08 15:14:27.787,-69,-61,-58,-74;2026-03-08 15:14:28.006,-69,-61,-59,;2026-03-08 15:14:28.205,,,,-67;2026-03-08 15:14:28.405,,-61,-59,-67;2026-03-08 15:14:28.619,-69,,,;2026-03-08 15:14:28.818,-69,-67,-64,-57;2026-03-08 15:14:29.044,,-66,-65,-57;2026-03-08 15:14:29.243,-69,,,;2026-03-08 15:14:29.441,,-66,-65,-58;2026-03-08 15:14:29.643,-69,,,;2026-03-08 15:14:29.847,-68,-60,-58,-57;2026-03-08 15:14:30.063,,,,-57;2026-03-08 15:14:30.263,-67,-60,-66,;2026-03-08 15:14:30.462,,,,-56;2026-03-08 15:14:30.677,-66,-68,-64,-58;2026-03-08 15:14:30.884,-65,-60,-58,-64;2026-03-08 15:14:31.098,-65,-64,-65,-58;2026-03-08 15:14:31.297,-69,-61,-58,-64;2026-03-08 15:14:31.495,-67,-60,-58,-63;2026-03-08 15:14:31.697,-66,-65,-66,-57;2026-03-08 15:14:31.902,-67,-67,-66,-67;2026-03-08 15:14:32.116,,-61,-58,-62;2026-03-08 15:14:32.321,-68,-67,-67,-55;2026-03-08 15:14:32.525,-68,-61,-66,-73;2026-03-08 15:14:32.743,,,,-56;2026-03-08 15:14:32.945,,,-66,;2026-03-08 15:14:33.166,-68,-65,,-62;2026-03-08 15:14:33.773,-68,-72,-70,-55;2026-03-08 15:14:34.571,,-66,-70,-63",0,0.7333333333333333,1,0.8,1,1,1
"2026-03-08 15:14:48.253,-68,-70,-67,-65;2026-03-08 15:14:48.254,-73,-67,-67,-64;2026-03-08 15:14:48.255,-74,-63,-56,-64;2026-03-08 15:14:48.459,-68,,-61,;2026-03-08 15:14:48.460,,-73,,-59;2026-03-08 15:14:49.073,-72,,-67,;2026-03-08 15:14:49.074,,,,-64;2026-03-08 15:14:49.474,,-63,,;2026-03-08 15:14:49.700,-69,,-67,-71;2026-03-08 15:14:49.903,,-61,,-58;2026-03-08 15:14:50.124,-69,,-70,;2026-03-08 15:14:50.344,,-66,,;2026-03-08 15:14:50.554,,,,-65;2026-03-08 15:14:50.776,,-64,,-56;2026-03-08 15:14:50.985,,-67,,;2026-03-08 15:14:50.986,,-63,,-58;2026-03-08 15:14:51.406,,,-63,;2026-03-08 15:14:51.606,,,-68,;2026-03-08 15:14:51.806,,,-63,;2026-03-08 15:14:52.026,-70,,-70,;2026-03-08 15:14:52.241,-67,,-71,;2026-03-08 15:14:52.446,,-67,,-57;2026-03-08 15:14:52.651,-68,,-71,;2026-03-08 15:14:52.856,,-66,,-57;2026-03-08 15:14:53.079,-72,,,;2026-03-08 15:14:53.277,,,-78,;2026-03-08 15:14:53.688,-68,-69,-64,-58;2026-03-08 15:14:54.097,-71,,,-57;2026-03-08 15:14:55.144,,-69,-75,;2026-03-08 15:14:55.342,-71,,,-66;2026-03-08 15:14:55.756,,-73,-69,-67;2026-03-08 15:14:55.980,-66,-60,-65,-60;2026-03-08 15:14:57.179,-66,-61,,;2026-03-08 15:14:57.381,,,-70,-61;2026-03-08 15:14:57.997,-66,-73,,",0,0.4,0,0.6,1,1,1
"2026-03-08 15:15:04.508,-71,-61,-63,-59;2026-03-08 15:15:04.509,-71,-66,-66,-61;2026-03-08 15:15:04.929,-68,,,;2026-03-08 15:15:05.129,,-63,-64,-62;2026-03-08 15:15:05.529,-68,,,;2026-03-08 15:15:05.726,,-60,-66,-62;2026-03-08 15:15:05.926,-69,,,;2026-03-08 15:15:06.347,,-64,-67,-57;2026-03-08 15:15:06.745,,-73,-68,-62;2026-03-08 15:15:07.340,,-72,-62,-66;2026-03-08 15:15:07.554,-71,,,;2026-03-08 15:15:07.771,-70,-66,-68,-56;2026-03-08 15:15:07.976,-74,-68,-57,;2026-03-08 15:15:08.177,,-66,-68,;2026-03-08 15:15:08.178,-74,-74,-70,;2026-03-08 15:15:08.380,-72,-65,-56,;2026-03-08 15:15:08.581,-72,-66,,;2026-03-08 15:15:08.803,,-76,,;2026-03-08 15:15:08.804,,,-57,;2026-03-08 15:15:09.007,-72,,,;2026-03-08 15:15:09.221,,-67,-59,;2026-03-08 15:15:09.422,,,,-56;2026-03-08 15:15:09.623,-67,-78,-67,;2026-03-08 15:15:09.841,,,,-56;2026-03-08 15:15:10.247,-73,-66,-57,-55;2026-03-08 15:15:10.648,-71,-67,-69,;2026-03-08 15:15:10.848,,,,-55;2026-03-08 15:15:11.481,,,-67,;2026-03-08 15:15:11.482,,-75,,-55;2026-03-08 15:15:11.880,,-78,-69,-56;2026-03-08 15:15:12.093,,-67,-60,-55;2026-03-08 15:15:12.296,,-69,-57,-57;2026-03-08 15:15:12.519,-67,-69,-68,-57;2026-03-08 15:15:12.722,,-67,-59,;2026-03-08 15:15:12.930,-72,-79,-70,-58;2026-03-08 15:15:13.132,-71,-70,-60,;2026-03-08 15:15:13.335,,-68,-60,-56;2026-03-08 15:15:13.558,-72,,,-56;2026-03-08 15:15:13.762,-67,-65,-69,;2026-03-08 15:15:13.963,,-65,,-58;2026-03-08 15:15:14.179,-71,,-69,;2026-03-08 15:15:14.381,-72,-66,-60,-55",0,0.1428571428571428,0,0.2857142857142857,0,0,1
"2026-03-08 15:15:23.628,-71,-74,-71,-56;2026-03-08 15:15:23.629,-71,-67,-57,-57;2026-03-08 15:15:23.827,-73,-72,-58,-55;2026-03-08 15:15:24.025,-72,-64,,-56;2026-03-08 15:15:24.227,-75,-62,,-58;2026-03-08 15:15:24.432,-68,-70,,-57;2026-03-08 15:15:24.650,-74,-60,,-63;2026-03-08 15:15:24.854,,-79,,-65;2026-03-08 15:15:25.056,-74,-75,,-58;2026-03-08 15:15:25.256,-69,-62,,-50;2026-03-08 15:15:25.471,-75,-67,-65,-45;2026-03-08 15:15:25.684,,-64,,;2026-03-08 15:15:25.885,-65,,-61,-54;2026-03-08 15:15:26.289,,-64,,;2026-03-08 15:15:26.491,-62,,,-49;2026-03-08 15:15:26.688,,-73,-74,;2026-03-08 15:15:26.911,-69,-78,-62,-52;2026-03-08 15:15:27.110,-69,,,-61;2026-03-08 15:15:27.309,,-76,-62,;2026-03-08 15:15:27.511,-76,,,-67;2026-03-08 15:15:27.725,-70,-78,-60,-66;2026-03-08 15:15:27.967,-72,-78,-65,-63;2026-03-08 15:15:28.174,-71,-69,-59,-72;2026-03-08 15:15:28.376,-72,-73,-59,-49;2026-03-08 15:15:28.582,-72,-76,-60,-71;2026-03-08 15:15:28.789,-69,-75,-63,-49;2026-03-08 15:15:29.014,-69,-78,-64,-63;2026-03-08 15:15:29.216,-70,-73,-60,-64;2026-03-08 15:15:29.415,-73,-72,-63,-54;2026-03-08 15:15:29.816,-67,-71,-64,-68;2026-03-08 15:15:30.235,-69,-67,-71,-54;2026-03-08 15:15:30.433,-71,,-72,-59;2026-03-08 15:15:30.635,,-78,,;2026-03-08 15:15:30.839,-71,-70,,-62;2026-03-08 15:15:31.045,-71,,-60,;2026-03-08 15:15:31.277,,-70,-60,-62;2026-03-08 15:15:31.481,-71,,,;2026-03-08 15:15:31.694,,-77,-67,-65;2026-03-08 15:15:32.097,-69,,,;2026-03-08 15:15:32.323,,-75,-61,-67;2026-03-08 15:15:32.538,-68,-70,-62,-49;2026-03-08 15:15:32.740,-69,-68,-61,-64;2026-03-08 15:15:32.943,-71,-71,-64,-66;2026-03-08 15:15:33.147,-69,,-66,-61;2026-03-08 15:15:33.371,-71,-72,-63,-56",0,0.25,0,0.45,0,0,1
"2026-03-08 15:16:11.853,,-67,-63,-49;2026-03-08 15:16:11.854,-66,-72,-66,-73;2026-03-08 15:16:12.056,-67,,,;2026-03-08 15:16:12.256,,,,-69;2026-03-08 15:16:12.461,-69,,,-67;2026-03-08 15:16:12.677,-72,,,-55;2026-03-08 15:16:12.878,-71,,-66,-66;2026-03-08 15:16:13.079,-71,-73,-67,-64;2026-03-08 15:16:13.280,,-68,-65,-63;2026-03-08 15:16:13.479,,-67,-67,-73;2026-03-08 15:16:13.694,-76,-66,-58,-55;2026-03-08 15:16:13.913,-72,-72,-67,-55;2026-03-08 15:16:14.313,,-68,,;2026-03-08 15:16:14.513,,,-69,-55;2026-03-08 15:16:14.718,-69,,,;2026-03-08 15:16:15.118,,-66,,;2026-03-08 15:16:15.344,-66,,,;2026-03-08 15:16:15.747,,,,-57;2026-03-08 15:16:15.748,,-69,-71,;2026-03-08 15:16:16.149,,-71,-68,-53;2026-03-08 15:16:16.371,-73,,,;2026-03-08 15:16:16.791,-70,-70,-71,-63;2026-03-08 15:16:17.029,-68,,-58,-54;2026-03-08 15:16:17.243,-73,-67,-69,-71;2026-03-08 15:16:17.455,-68,-66,-58,-53;2026-03-08 15:16:17.660,-75,-75,-69,-54;2026-03-08 15:16:17.866,-78,-69,-67,;2026-03-08 15:16:18.070,,-68,-58,-70;2026-03-08 15:16:18.292,-75,-71,-71,-55;2026-03-08 15:16:18.495,-69,-67,-58,-70;2026-03-08 15:16:18.709,-74,-69,-69,-66;2026-03-08 15:16:18.911,,-67,,;2026-03-08 15:16:18.912,,-72,-73,;2026-03-08 15:16:19.114,-71,,-72,-69;2026-03-08 15:16:19.750,,-67,-58,-55;2026-03-08 15:16:20.359,,-65,-58,-56;2026-03-08 15:16:20.767,,-65,-69,-54;2026-03-08 15:16:20.972,-75,,,;2026-03-08 15:16:21.403,,-74,,-60;2026-03-08 15:16:21.606,-74,,-69,",0,0.2727272727272727,0,0.2727272727272727,0,0,1
"2026-03-08 15:18:06.693,-66,-68,-59,-60;2026-03-08 15:18:06.694,-62,-62,-63,-70;2026-03-08 15:18:06.695,-61,-62,-62,-67;2026-03-08 15:18:07.092,,-63,-69,-63;2026-03-08 15:18:07.494,-64,,-59,-71;2026-03-08 15:18:07.717,-61,,-63,-67;2026-03-08 15:18:07.917,,,-67,-56;2026-03-08 15:18:08.120,,,,-61;2026-03-08 15:18:08.320,-67,,,-66;2026-03-08 15:18:08.524,-73,,,-63;2026-03-08 15:18:08.737,-70,,,-62;2026-03-08 15:18:08.960,-74,-67,,-59;2026-03-08 15:18:09.157,-72,,,-64;2026-03-08 15:18:09.359,,-75,-68,-74;2026-03-08 15:18:09.563,,-64,-74,;2026-03-08 15:18:09.776,,,,-67;2026-03-08 15:18:10.181,,,-57,;2026-03-08 15:18:10.408,-72,-73,,-65;2026-03-08 15:18:10.610,-73,-66,-72,;2026-03-08 15:18:11.010,-72,-65,-72,-70;2026-03-08 15:18:11.626,,-67,-72,-71;2026-03-08 15:18:12.024,-72,,,;2026-03-08 15:18:12.224,-70,-74,-74,-68;2026-03-08 15:18:12.625,-70,-71,-69,-62;2026-03-08 15:18:12.826,-68,-72,-59,-67;2026-03-08 15:18:13.027,-68,-73,-71,-69;2026-03-08 15:18:13.256,-72,-73,-59,-61;2026-03-08 15:18:13.460,-68,-74,-67,-66;2026-03-08 15:18:13.662,,-73,-72,-69;2026-03-08 15:18:13.864,-68,-69,-68,-70;2026-03-08 15:18:14.089,-69,-70,-75,;2026-03-08 15:18:14.317,-73,-69,-73,-63;2026-03-08 15:18:14.716,-70,-68,-58,-66;2026-03-08 15:18:15.316,,-72,-58,-67;2026-03-08 15:18:15.517,-71,,,;2026-03-08 15:18:16.141,,-68,-72,-70;2026-03-08 15:18:16.353,,,-58,;2026-03-08 15:18:16.572,,-69,,-69",0,0.5384615384615384,1,0.6153846153846154,1,1,1
"2026-03-08 15:18:36.497,-73,-69,-68,-66;2026-03-08 15:18:36.498,-75,-73,-64,-67;2026-03-08 15:18:36.499,-73,-65,-69,-65;2026-03-08 15:18:36.908,-73,-65,-66,-76;2026-03-08 15:18:37.119,,,-57,;2026-03-08 15:18:37.363,-77,-69,,-66;2026-03-08 15:18:37.565,,,-60,;2026-03-08 15:18:37.767,-79,-63,,-67;2026-03-08 15:18:38.167,-69,,,-68;2026-03-08 15:18:38.168,,-67,-61,;2026-03-08 15:18:38.389,,-66,-64,-67;2026-03-08 15:18:38.615,-70,-60,-60,-65;2026-03-08 15:18:38.816,,-63,-63,-75;2026-03-08 15:18:39.014,-72,-71,-65,-61;2026-03-08 15:18:39.215,-71,,,;2026-03-08 15:18:39.216,-78,-60,,;2026-03-08 15:18:39.416,-73,-68,,-56;2026-03-08 15:18:39.619,,,-70,;2026-03-08 15:18:39.847,-73,,,;2026-03-08 15:18:40.050,,-63,,;2026-03-08 15:18:40.463,-72,-75,,-65;2026-03-08 15:18:41.268,-73,-62,,-66;2026-03-08 15:18:41.692,,-75,,;2026-03-08 15:18:41.893,-73,,,-67;2026-03-08 15:18:42.094,,,-67,;2026-03-08 15:18:42.295,,-62,-64,-61;2026-03-08 15:18:42.895,-72,-65,-67,;2026-03-08 15:18:43.492,-75,,-75,;2026-03-08 15:18:43.692,,-64,,;2026-03-08 15:18:43.893,-76,-83,-76,-67;2026-03-08 15:18:44.108,-75,-68,-66,-65;2026-03-08 15:18:44.342,-73,-67,-67,-63;2026-03-08 15:18:44.559,-77,-64,-65,-64;2026-03-08 15:18:44.765,,,-76,-65;2026-03-08 15:18:44.972,-74,-62,-65,-67;2026-03-08 15:18:45.175,,-63,-66,;2026-03-08 15:18:45.403,-68,-68,-72,;2026-03-08 15:18:45.606,,,-66,;2026-03-08 15:18:45.811,-69,-66,,;2026-03-08 15:18:46.021,,,-66,;2026-03-08 15:18:46.239,-67,-62,,",0,0.3636363636363636,0,0.5454545454545454,1,1,1
"2026-03-08 15:18:54.692,-73,-63,-65,-55;2026-03-08 15:18:54.693,-68,,-65,-64;2026-03-08 15:18:54.901,,-67,,;2026-03-08 15:18:55.102,,-62,,-54;2026-03-08 15:18:55.333,,-61,-66,;2026-03-08 15:18:55.536,,,,-68;2026-03-08 15:18:55.742,,-65,-71,;2026-03-08 15:18:56.167,,,-72,-56;2026-03-08 15:18:56.369,,-63,,;2026-03-08 15:18:56.599,,-68,-65,-66;2026-03-08 15:18:56.813,,-62,-73,-67;2026-03-08 15:18:57.016,-66,-62,-65,-55;2026-03-08 15:18:57.213,-71,-63,-64,-55;2026-03-08 15:18:57.614,-67,-62,-73,-68;2026-03-08 15:18:57.841,,-68,-66,-70;2026-03-08 15:18:57.842,-67,-62,-71,-69;2026-03-08 15:18:58.041,,,-66,;2026-03-08 15:18:58.241,-67,-62,,-68;2026-03-08 15:18:58.443,-68,-62,,-68;2026-03-08 15:18:58.642,-69,-62,,-69;2026-03-08 15:18:58.885,,-62,,-65;2026-03-08 15:18:59.092,-68,,,;2026-03-08 15:18:59.293,,-62,,-67;2026-03-08 15:18:59.699,-73,-62,,-53;2026-03-08 15:19:00.320,-67,,-72,-54;2026-03-08 15:19:00.321,,-63,-70,;2026-03-08 15:19:00.921,-74,,-67,;2026-03-08 15:19:01.122,,-62,,-72;2026-03-08 15:19:01.526,-70,-62,,-71;2026-03-08 15:19:01.755,,-65,,;2026-03-08 15:19:01.971,,-67,,-74;2026-03-08 15:19:02.184,-68,-67,,-75;2026-03-08 15:19:02.389,-67,-65,,;2026-03-08 15:19:02.596,-68,,,;2026-03-08 15:19:02.826,,-61,-66,;2026-03-08 15:19:03.034,,,-66,-74;2026-03-08 15:19:03.239,-75,,,;2026-03-08 15:19:03.444,,-60,-65,-53;2026-03-08 15:19:03.647,-68,,,;2026-03-08 15:19:03.874,,-61,,;2026-03-08 15:19:04.089,,,,-55;2026-03-08 15:19:04.502,,-64,,-55",0,0.4,0,1.0,1,1,1
"2026-03-08 15:20:45.796,-65,-63,-69,-54;2026-03-08 15:20:45.797,-62,-69,-56,-59;2026-03-08 15:20:46.409,-64,-67,-69,-58;2026-03-08 15:20:46.864,-60,-64,-57,-60;2026-03-08 15:20:47.279,-67,,-56,-65;2026-03-08 15:20:47.693,,-65,,;2026-03-08 15:20:47.892,-61,,-58,-55;2026-03-08 15:20:48.095,,-64,,;2026-03-08 15:20:48.296,-72,,-61,-66;2026-03-08 15:20:48.525,-74,-74,-65,-58;2026-03-08 15:20:48.740,-63,,,;2026-03-08 15:20:48.741,,-64,,-61;2026-03-08 15:20:48.948,-65,-64,-59,-66;2026-03-08 15:20:49.156,-67,,,-67;2026-03-08 15:20:49.157,,-62,,;2026-03-08 15:20:49.365,-66,-64,-58,-69;2026-03-08 15:20:49.569,-66,-75,-56,-69;2026-03-08 15:20:49.795,,,,-56;2026-03-08 15:20:50.001,-65,-76,,;2026-03-08 15:20:50.203,-65,-76,-59,;2026-03-08 15:20:50.619,-65,-73,-58,-67;2026-03-08 15:20:51.220,,-66,,-70;2026-03-08 15:20:51.449,-68,,-60,;2026-03-08 15:20:51.653,-65,-64,-60,-67;2026-03-08 15:20:52.256,-65,-62,-65,-57;2026-03-08 15:20:52.657,-66,-61,-65,-56;2026-03-08 15:20:52.867,-65,-68,-59,-67;2026-03-08 15:20:53.097,,-71,,;2026-03-08 15:20:53.098,-73,-61,-62,-57;2026-03-08 15:20:53.302,-66,-74,-62,-68;2026-03-08 15:20:53.518,-65,-63,-77,-56;2026-03-08 15:20:53.722,-64,-61,-67,-60;2026-03-08 15:20:53.925,-67,-71,-64,-66;2026-03-08 15:20:54.160,-63,-60,-70,-56;2026-03-08 15:20:54.363,-72,-65,-69,-56;2026-03-08 15:20:54.567,-62,-60,-65,-63;2026-03-08 15:20:54.777,-66,,-66,-69;2026-03-08 15:20:54.987,-68,-60,,-57;2026-03-08 15:20:55.423,-69,-60,-65,-69;2026-03-08 15:20:55.639,-64,,,",1,0.8636363636363636,1,0.9545454545454546,1,1,1
"2026-03-08 15:21:03.270,-66,-68,-74,-64;2026-03-08 15:21:03.271,-59,-65,-69,-54;2026-03-08 15:21:03.478,-60,-70,-69,-52;2026-03-08 15:21:03.680,-72,-64,-68,-52;2026-03-08 15:21:03.889,-59,-65,-65,-49;2026-03-08 15:21:04.117,-73,-65,-66,-51;2026-03-08 15:21:04.318,-59,-65,-66,-48;2026-03-08 15:21:04.720,-60,-66,,-55;2026-03-08 15:21:04.922,-58,-65,,-49;2026-03-08 15:21:05.126,-63,-70,,-49;2026-03-08 15:21:05.338,-55,-73,,-50;2026-03-08 15:21:05.766,-60,-65,,;2026-03-08 15:21:05.965,,,,-50;2026-03-08 15:21:06.363,-58,-63,,-51;2026-03-08 15:21:06.563,,,-66,;2026-03-08 15:21:06.772,-57,-66,,;2026-03-08 15:21:06.977,,,-69,-51;2026-03-08 15:21:07.413,-61,-65,-65,;2026-03-08 15:21:07.617,,,,-56;2026-03-08 15:21:07.817,-70,-63,-64,;2026-03-08 15:21:08.030,,,,-48;2026-03-08 15:21:08.236,-63,-66,-65,-48;2026-03-08 15:21:08.440,-57,-64,-66,-55;2026-03-08 15:21:08.671,,,,-48;2026-03-08 15:21:08.672,-63,-66,-64,-55;2026-03-08 15:21:08.875,-66,-66,-65,-47;2026-03-08 15:21:09.078,-58,-63,-58,-56;2026-03-08 15:21:09.281,-59,-69,-57,;2026-03-08 15:21:09.485,-58,,,-48;2026-03-08 15:21:09.692,-57,,-69,-50;2026-03-08 15:21:09.937,,,,-58;2026-03-08 15:21:09.938,,,-57,;2026-03-08 15:21:10.143,-59,,-57,-49;2026-03-08 15:21:10.353,-58,,,;2026-03-08 15:21:10.562,,,-57,-49;2026-03-08 15:21:10.976,-66,,,-49;2026-03-08 15:21:11.212,-56,,-60,-48;2026-03-08 15:21:11.812,-61,,-61,-55;2026-03-08 15:21:12.016,,-69,,;2026-03-08 15:21:12.421,,,-63,;2026-03-08 15:21:12.637,-56,-66,-63,-55;2026-03-08 15:21:12.869,-59,-68,-66,-48;2026-03-08 15:21:13.074,-58,-68,-70,-48",1,0.4,0,0.3333333333333333,0,0,0
"2026-03-08 15:21:23.488,-64,-67,-69,-67;2026-03-08 15:21:23.489,-60,-67,-65,-59;2026-03-08 15:21:23.884,-67,-71,-74,;2026-03-08 15:21:24.089,-67,,,;2026-03-08 15:21:24.320,-67,-65,-76,;2026-03-08 15:21:24.521,-66,-69,-62,;2026-03-08 15:21:24.727,-70,-70,-76,;2026-03-08 15:21:25.136,-60,-65,-76,-66;2026-03-08 15:21:25.341,-69,-69,-75,;2026-03-08 15:21:25.547,-60,-65,-78,-61;2026-03-08 15:21:25.790,-68,-71,,-66;2026-03-08 15:21:25.993,-61,-65,,-61;2026-03-08 15:21:26.198,-69,-66,,-60;2026-03-08 15:21:26.402,,-64,,-60;2026-03-08 15:21:26.608,-62,,-75,;2026-03-08 15:21:27.217,,-63,-62,-60;2026-03-08 15:21:27.843,,-64,-79,-61;2026-03-08 15:21:28.450,,-65,-73,-64;2026-03-08 15:21:28.659,,-63,-64,-59;2026-03-08 15:21:28.860,,-64,-64,-60;2026-03-08 15:21:29.081,-78,-63,-73,-60;2026-03-08 15:21:29.309,-60,-64,-63,-67;2026-03-08 15:21:29.712,,,,-58;2026-03-08 15:21:30.113,-76,-67,-62,;2026-03-08 15:21:30.313,,,,-61;2026-03-08 15:21:30.518,-71,-73,-62,;2026-03-08 15:21:30.957,,,-74,-63;2026-03-08 15:21:31.160,-70,-74,,;2026-03-08 15:21:31.376,-62,-69,-74,-66;2026-03-08 15:21:31.580,,-63,-61,;2026-03-08 15:21:31.795,,,-73,;2026-03-08 15:21:32.029,,-63,-62,;2026-03-08 15:21:32.237,,-63,-75,;2026-03-08 15:21:32.439,,-69,,;2026-03-08 15:21:32.642,,-68,-73,;2026-03-08 15:21:32.849,-71,,-61,-70;2026-03-08 15:21:32.850,,-69,-61,;2026-03-08 15:21:33.053,,,-76,;2026-03-08 15:21:33.290,-71,-63,-73,-59",1,0.875,1,1.0,1,1,1
"2026-03-08 15:21:42.522,-63,-68,-68,-50;2026-03-08 15:21:42.523,-66,-71,-69,-65;2026-03-08 15:21:42.726,-61,-71,-66,-50;2026-03-08 15:21:42.931,-63,-64,-62,-51;2026-03-08 15:21:43.350,-59,-71,-65,-49;2026-03-08 15:21:43.952,,,-65,;2026-03-08 15:21:43.953,-63,-65,,-65;2026-03-08 15:21:44.341,-60,-63,-64,-50;2026-03-08 15:21:44.915,-71,-66,-68,-52;2026-03-08 15:21:45.486,-67,,-65,-52;2026-03-08 15:21:45.915,-64,,,-64;2026-03-08 15:21:46.121,-69,,-67,;2026-03-08 15:21:46.334,-62,,-69,-65;2026-03-08 15:21:46.335,,-65,,-52;2026-03-08 15:21:46.550,-64,,-65,-52;2026-03-08 15:21:46.767,-59,-65,-69,-65;2026-03-08 15:21:46.985,-62,-65,-76,-52;2026-03-08 15:21:47.222,,-68,-66,-51;2026-03-08 15:21:47.451,-59,-65,-73,-52;2026-03-08 15:21:47.658,-61,-65,-73,;2026-03-08 15:21:47.874,,,,-51;2026-03-08 15:21:48.471,,-62,-64,-64;2026-03-08 15:21:48.898,,-60,-65,;2026-03-08 15:21:49.502,,-62,-63,;2026-03-08 15:21:49.717,,,-62,;2026-03-08 15:21:49.925,-64,-66,,;2026-03-08 15:21:50.132,,,-64,;2026-03-08 15:21:50.362,-63,-63,,;2026-03-08 15:21:50.764,-62,-65,-70,;2026-03-08 15:21:50.970,-61,-66,-72,-65;2026-03-08 15:21:51.190,-63,-66,-64,-50;2026-03-08 15:21:51.399,-60,,-65,-52;2026-03-08 15:21:51.637,-62,-65,-66,-50;2026-03-08 15:21:51.845,-60,,-65,-65;2026-03-08 15:21:52.047,-64,-65,-67,-51;2026-03-08 15:21:52.252,-59,-64,-70,-51",1,0.3333333333333333,0,0.2666666666666666,0,0,0
"2026-03-08 15:22:03.350,-63,-70,-67,-51;2026-03-08 15:22:03.351,-63,-80,-59,-58;2026-03-08 15:22:03.552,-59,-70,,;2026-03-08 15:22:03.782,-58,-82,,-52;2026-03-08 15:22:03.988,-66,-74,,-62;2026-03-08 15:22:04.195,-58,,,;2026-03-08 15:22:04.196,-64,-68,,-58;2026-03-08 15:22:04.402,-59,-74,,-60;2026-03-08 15:22:04.609,-63,-68,-67,-58;2026-03-08 15:22:04.808,-66,-74,,-58;2026-03-08 15:22:05.063,-64,-69,,-58;2026-03-08 15:22:05.277,-65,-67,-65,-59;2026-03-08 15:22:05.694,,-68,,-63;2026-03-08 15:22:06.103,-59,,-68,;2026-03-08 15:22:06.505,,-74,,-50;2026-03-08 15:22:06.737,-60,,-59,;2026-03-08 15:22:07.142,,-74,,-57;2026-03-08 15:22:07.767,,-75,,-57;2026-03-08 15:22:07.973,,-67,,-58;2026-03-08 15:22:08.590,,-65,,-58;2026-03-08 15:22:08.808,,,-66,;2026-03-08 15:22:09.014,-61,,-62,;2026-03-08 15:22:09.015,-64,,,;2026-03-08 15:22:09.218,-63,,-67,;2026-03-08 15:22:09.424,-64,,-65,;2026-03-08 15:22:09.628,-60,,-71,;2026-03-08 15:22:09.861,,,-67,;2026-03-08 15:22:09.863,,,-63,;2026-03-08 15:22:10.069,,,-63,-52;2026-03-08 15:22:10.070,,,,-58;2026-03-08 15:22:10.287,,,-66,;2026-03-08 15:22:10.492,,-64,-67,;2026-03-08 15:22:10.493,,-64,,-57;2026-03-08 15:22:10.902,,-65,,;2026-03-08 15:22:11.529,-63,,,;2026-03-08 15:22:11.936,-63,-73,-61,;2026-03-08 15:22:12.344,-65,,,;2026-03-08 15:22:12.548,,-70,-64,;2026-03-08 15:22:12.951,,-64,-63,",1,0.5,0,0.5,0,0,0
"2026-03-08 15:22:20.440,-65,-64,-71,-52;2026-03-08 15:22:20.639,-67,-66,-73,-52;2026-03-08 15:22:20.844,-65,,-62,-57;2026-03-08 15:22:21.049,-65,,,;2026-03-08 15:22:21.050,-65,-67,-69,-52;2026-03-08 15:22:21.250,-65,-81,-68,-52;2026-03-08 15:22:21.452,-66,-66,-75,-52;2026-03-08 15:22:21.654,-69,-69,-66,-56;2026-03-08 15:22:21.879,-72,-68,-60,-52;2026-03-08 15:22:22.082,-66,,-67,-52;2026-03-08 15:22:22.494,-65,-68,-70,-52;2026-03-08 15:22:23.091,-64,-68,,-57;2026-03-08 15:22:23.295,,,-61,;2026-03-08 15:22:23.528,-65,-63,,;2026-03-08 15:22:23.735,,,-64,-53;2026-03-08 15:22:24.138,-62,-62,,;2026-03-08 15:22:24.336,,,-64,;2026-03-08 15:22:24.540,,,,-59;2026-03-08 15:22:24.740,,,-59,;2026-03-08 15:22:24.973,,-62,,;2026-03-08 15:22:25.597,-62,,-63,-53;2026-03-08 15:22:25.801,-65,-62,-61,-53;2026-03-08 15:22:26.214,,,-62,;2026-03-08 15:22:26.422,-63,-72,-65,-52;2026-03-08 15:22:26.625,,,,-53;2026-03-08 15:22:27.061,-71,,-60,-60;2026-03-08 15:22:27.263,-65,,-60,-52;2026-03-08 15:22:27.665,,,-70,-52;2026-03-08 15:22:28.086,-66,-72,-63,-54;2026-03-08 15:22:28.492,-62,,,;2026-03-08 15:22:28.740,,-63,,-52;2026-03-08 15:22:29.147,,-74,-61,-53;2026-03-08 15:22:29.351,-65,,,-52;2026-03-08 15:22:29.972,-64,,,-51;2026-03-08 15:22:29.974,-71,-62,-59,-58;2026-03-08 15:22:30.177,-65,,-60,-51",1,0.3333333333333333,0,0.4166666666666667,0,0,0
"2026-03-08 15:22:37.872,-64,-64,-63,-62;2026-03-08 15:22:38.280,-62,,,;2026-03-08 15:22:38.505,,-67,-69,-63;2026-03-08 15:22:38.704,-69,,,;2026-03-08 15:22:39.108,,-65,-66,-62;2026-03-08 15:22:39.308,-71,,,;2026-03-08 15:22:39.508,-63,-65,-62,;2026-03-08 15:22:39.710,,,-67,;2026-03-08 15:22:39.942,-62,-74,-59,;2026-03-08 15:22:40.342,,-65,,;2026-03-08 15:22:40.557,,-68,-66,;2026-03-08 15:22:40.759,,,-69,;2026-03-08 15:22:40.959,,-65,,;2026-03-08 15:22:41.367,,,,-64;2026-03-08 15:22:41.596,,-68,,;2026-03-08 15:22:42.201,,-69,,-58;2026-03-08 15:22:42.597,-60,,,;2026-03-08 15:22:42.797,,-68,,;2026-03-08 15:22:42.999,,,-64,-65;2026-03-08 15:22:43.238,-62,,,;2026-03-08 15:22:43.458,,-66,,-65;2026-03-08 15:22:43.663,-66,,-65,;2026-03-08 15:22:43.865,,,-64,-58;2026-03-08 15:22:44.070,,-70,,;2026-03-08 15:22:44.483,-60,-66,-63,-66;2026-03-08 15:22:44.725,-60,,,;2026-03-08 15:22:44.930,-60,,,;2026-03-08 15:22:45.134,,,-62,;2026-03-08 15:22:45.135,,,,-64;2026-03-08 15:22:45.539,-66,,,;2026-03-08 15:22:45.955,-65,,-59,-62;2026-03-08 15:22:46.398,,-71,,;2026-03-08 15:22:46.609,-60,,-63,-58;2026-03-08 15:22:46.823,,-64,,;2026-03-08 15:22:47.036,-66,,-67,;2026-03-08 15:22:47.249,,-67,,-64",1,1.0,1,1.0,1,1,1
"2026-03-08 15:22:57.598,-75,-66,-57,-53;2026-03-08 15:22:57.599,-67,-71,-63,-59;2026-03-08 15:22:57.799,-61,-72,,-57;2026-03-08 15:22:58.001,,,-63,;2026-03-08 15:22:58.002,,-66,-64,-59;2026-03-08 15:22:58.406,-68,,-63,;2026-03-08 15:22:58.619,-57,,,;2026-03-08 15:22:58.851,-59,,-64,-57;2026-03-08 15:22:59.054,,-64,,;2026-03-08 15:22:59.456,-57,-64,-66,-59;2026-03-08 15:23:00.072,-61,-65,-73,-62;2026-03-08 15:23:00.676,-64,-61,-67,-62;2026-03-08 15:23:01.107,-59,,-65,-57;2026-03-08 15:23:01.108,,-63,,;2026-03-08 15:23:01.504,-59,-63,-73,-60;2026-03-08 15:23:01.706,-60,-64,-66,-62;2026-03-08 15:23:01.909,-66,-64,-65,-58;2026-03-08 15:23:02.115,-59,-65,-65,-57;2026-03-08 15:23:02.320,-67,,,;2026-03-08 15:23:02.557,-59,-62,-71,-56;2026-03-08 15:23:02.770,,-66,,-57;2026-03-08 15:23:03.172,,,,-56;2026-03-08 15:23:03.374,-67,-66,,;2026-03-08 15:23:03.774,,,,-57;2026-03-08 15:23:03.976,-62,-60,-71,-57;2026-03-08 15:23:04.405,,-65,-64,;2026-03-08 15:23:04.609,-59,,,-54;2026-03-08 15:23:05.016,-67,-65,-69,-54;2026-03-08 15:23:05.615,-69,-64,-64,-60;2026-03-08 15:23:06.233,-60,-66,-66,-57;2026-03-08 15:23:06.646,-58,-67,-64,-59;2026-03-08 15:23:06.855,,,,-56;2026-03-08 15:23:07.055,-71,-65,-64,-57;2026-03-08 15:23:07.261,-59,,-71,-53;2026-03-08 15:23:07.465,-60,,-70,-55",1,0.75,1,0.875,1,0,0
"2026-03-08 15:23:26.427,,-64,,;2026-03-08 15:23:26.429,-55,-63,-56,-60;2026-03-08 15:23:26.430,-67,-65,-64,-61;2026-03-08 15:23:26.431,-69,-70,-63,-57;2026-03-08 15:23:26.830,,,-73,;2026-03-08 15:23:27.034,,-68,-65,-64;2026-03-08 15:23:27.243,-66,,-69,-70;2026-03-08 15:23:27.450,-73,,-62,;2026-03-08 15:23:27.683,-66,,-61,;2026-03-08 15:23:27.887,-72,,-66,;2026-03-08 15:23:28.103,-67,,-63,;2026-03-08 15:23:28.309,,,,-59;2026-03-08 15:23:28.719,-60,-67,,;2026-03-08 15:23:28.924,,,-69,-58;2026-03-08 15:23:29.557,-69,-68,,-63;2026-03-08 15:23:29.763,,,-62,;2026-03-08 15:23:30.168,-64,-68,-72,-63;2026-03-08 15:23:30.369,,,,-64;2026-03-08 15:23:30.370,-60,,-63,;2026-03-08 15:23:30.574,-60,-62,-62,-58;2026-03-08 15:23:30.824,-60,,-72,;2026-03-08 15:23:31.222,-61,-62,-71,-58;2026-03-08 15:23:31.427,-64,-68,-62,-63;2026-03-08 15:23:31.634,,-65,,-64;2026-03-08 15:23:31.836,-60,-61,,-64;2026-03-08 15:23:32.037,-60,-61,,-66;2026-03-08 15:23:32.267,-64,,,-63;2026-03-08 15:23:32.672,-61,,,;2026-03-08 15:23:33.071,-64,-62,-63,-65;2026-03-08 15:23:33.476,-67,,,-64;2026-03-08 15:23:33.699,,-69,-73,;2026-03-08 15:23:33.932,-68,,,-58;2026-03-08 15:23:34.134,,-60,-64,;2026-03-08 15:23:34.337,-68,,,-57;2026-03-08 15:23:34.548,-61,-61,-64,-58;2026-03-08 15:23:34.755,,-65,-62,;2026-03-08 15:23:35.173,-68,,,-63;2026-03-08 15:23:35.378,-67,-70,-62,;2026-03-08 15:23:35.589,-65,-61,-74,-65;2026-03-08 15:23:35.796,,-61,-69,-64;2026-03-08 15:23:36.007,-68,-71,-69,-58;2026-03-08 15:23:36.210,-64,-65,-61,-65",1,0.8333333333333334,1,0.75,1,1,1
"2026-03-08 15:24:01.476,-62,-73,-53,-54;2026-03-08 15:24:01.477,-66,-57,-48,-58;2026-03-08 15:24:01.682,-64,-61,,-62;2026-03-08 15:24:01.887,,,-48,;2026-03-08 15:24:02.093,,,,-55;2026-03-08 15:24:02.301,-67,,,;2026-03-08 15:24:02.703,,-70,-55,-58;2026-03-08 15:24:02.704,-70,,,;2026-03-08 15:24:03.122,,-68,,;2026-03-08 15:24:03.324,-64,,-55,-57;2026-03-08 15:24:03.541,-64,-68,-51,-62;2026-03-08 15:24:03.746,-68,-65,-51,-64;2026-03-08 15:24:03.948,-63,-72,-52,;2026-03-08 15:24:04.147,,-74,,;2026-03-08 15:24:04.348,-69,-72,-73,;2026-03-08 15:24:04.577,,,-50,;2026-03-08 15:24:04.779,,-69,-46,;2026-03-08 15:24:04.985,-70,-63,-49,;2026-03-08 15:24:05.192,-73,-62,-48,;2026-03-08 15:24:05.395,-63,,,;2026-03-08 15:24:05.614,,-65,,;2026-03-08 15:24:05.846,-81,,-48,;2026-03-08 15:24:06.055,,,,-54;2026-03-08 15:24:06.266,,-60,,;2026-03-08 15:24:06.473,-66,,-47,-56;2026-03-08 15:24:07.072,-70,-61,-52,-72;2026-03-08 15:24:07.275,,,,-71;2026-03-08 15:24:07.504,-66,-60,-47,-59;2026-03-08 15:24:07.712,-73,-72,-48,-67;2026-03-08 15:24:07.917,-65,-59,-48,-57;2026-03-08 15:24:08.134,-74,-79,-53,-61;2026-03-08 15:24:08.338,,,,-58;2026-03-08 15:24:08.544,-72,-75,-53,;2026-03-08 15:24:08.777,-62,-75,,;2026-03-08 15:24:08.779,-64,-60,-48,;2026-03-08 15:24:08.984,-67,,,;2026-03-08 15:24:09.191,-72,-61,-53,;2026-03-08 15:24:09.604,,-61,,;2026-03-08 15:24:10.212,,-64,,;2026-03-08 15:24:10.639,,-61,,-67;2026-03-08 15:24:10.857,,-60,-48,-73;2026-03-08 15:24:11.063,,-69,,;2026-03-08 15:24:11.064,,-60,-47,-58;2026-03-08 15:24:11.268,,-60,-48,-68",1,0.8888888888888888,1,0.8888888888888888,1,0,0
"2026-03-08 15:24:21.469,-68,-60,-61,-60;2026-03-08 15:24:21.470,-69,-65,-62,-62;2026-03-08 15:24:21.676,-62,-61,-58,-61;2026-03-08 15:24:21.913,-67,-73,-69,-66;2026-03-08 15:24:22.522,-67,-63,-73,-59;2026-03-08 15:24:22.726,-68,-71,-69,-71;2026-03-08 15:24:22.930,,-64,,;2026-03-08 15:24:23.134,-72,,-64,-59;2026-03-08 15:24:23.340,-66,,,-61;2026-03-08 15:24:23.581,-67,,,-62;2026-03-08 15:24:23.797,,,,-59;2026-03-08 15:24:24.005,-68,,,-74;2026-03-08 15:24:24.220,-72,,,;2026-03-08 15:24:24.428,,-72,,-61;2026-03-08 15:24:25.041,,,-71,-69;2026-03-08 15:24:25.275,,-63,,-69;2026-03-08 15:24:25.491,,-66,,-64;2026-03-08 15:24:25.700,,,-58,-62;2026-03-08 15:24:25.909,,-69,-67,-62;2026-03-08 15:24:26.116,,-72,-68,-70;2026-03-08 15:24:26.334,,-61,-64,-63;2026-03-08 15:24:26.574,,-71,-66,-59;2026-03-08 15:24:26.782,-68,-67,-61,-61;2026-03-08 15:24:27.398,-70,-74,-59,-58;2026-03-08 15:24:28.210,-63,-63,-66,-61;2026-03-08 15:24:28.632,-66,-64,-70,-65;2026-03-08 15:24:29.039,-61,-65,-72,-67;2026-03-08 15:24:29.637,-67,-65,-62,-58;2026-03-08 15:24:30.252,-65,-64,-64,-62;2026-03-08 15:24:30.689,-65,-64,,-70;2026-03-08 15:24:31.115,-63,,-64,-70;2026-03-08 15:24:31.318,,-58,,",1,0.7692307692307693,1,0.7692307692307693,1,1,1
"2026-03-08 15:24:55.591,-57,-59,-58,-68;2026-03-08 15:24:55.592,-72,-69,-65,-62;2026-03-08 15:24:55.795,-67,-60,-61,-59;2026-03-08 15:24:55.997,-71,-72,-69,-65;2026-03-08 15:24:56.201,-70,-60,,;2026-03-08 15:24:56.404,-72,-73,-67,-64;2026-03-08 15:24:56.607,-70,-59,-61,-58;2026-03-08 15:24:56.849,,-62,-62,-63;2026-03-08 15:24:57.054,-68,,,;2026-03-08 15:24:57.258,,,,-64;2026-03-08 15:24:57.476,,-74,-59,;2026-03-08 15:24:57.882,,-71,-64,-65;2026-03-08 15:24:58.904,,,,-65;2026-03-08 15:24:59.303,,,,-64;2026-03-08 15:24:59.505,-69,,,-62;2026-03-08 15:24:59.709,-74,,,-63;2026-03-08 15:24:59.907,-65,,,;2026-03-08 15:25:00.112,-66,,,;2026-03-08 15:25:00.351,-66,,,;2026-03-08 15:25:00.563,-73,-65,-60,;2026-03-08 15:25:00.782,,,-63,;2026-03-08 15:25:00.991,,-64,-67,;2026-03-08 15:25:01.198,,-63,,;2026-03-08 15:25:01.402,,,-68,-62;2026-03-08 15:25:01.607,,-62,-63,;2026-03-08 15:25:01.844,-70,-62,-63,-68;2026-03-08 15:25:02.049,,,,-65;2026-03-08 15:25:02.259,-71,-62,-64,;2026-03-08 15:25:02.463,,,,-64;2026-03-08 15:25:02.669,-68,-62,-66,;2026-03-08 15:25:02.883,,,,-69;2026-03-08 15:25:03.116,-69,-78,-67,;2026-03-08 15:25:03.319,-67,-69,-72,-67;2026-03-08 15:25:03.522,-67,-71,-64,-64;2026-03-08 15:25:03.727,-69,-62,-61,-65;2026-03-08 15:25:03.930,-71,-64,-61,-62;2026-03-08 15:25:04.136,-77,-64,-63,-68;2026-03-08 15:25:04.368,,-69,-72,-67;2026-03-08 15:25:04.580,-66,-63,-61,-62;2026-03-08 15:25:04.785,-70,-63,,;2026-03-08 15:25:05.010,,,-61,-62;2026-03-08 15:25:05.415,-76,-61,-72,-62",1,0.6428571428571429,1,0.7857142857142857,1,1,1
"2026-03-08 15:25:13.744,-67,-66,-64,-57;2026-03-08 15:25:13.945,,,-57,;2026-03-08 15:25:14.181,-68,-66,,-57;2026-03-08 15:25:14.388,,,-56,;2026-03-08 15:25:14.591,-68,,,-58;2026-03-08 15:25:14.792,,-64,-63,;2026-03-08 15:25:15.199,-68,,-56,-59;2026-03-08 15:25:15.401,,,-62,-59;2026-03-08 15:25:15.639,-68,-78,,;2026-03-08 15:25:15.844,-73,-77,,;2026-03-08 15:25:16.064,-75,-72,,;2026-03-08 15:25:16.278,-66,-64,,;2026-03-08 15:25:16.486,-72,-64,,;2026-03-08 15:25:16.700,-77,-68,,;2026-03-08 15:25:16.919,,-64,,-58;2026-03-08 15:25:17.149,-73,-69,-57,-48;2026-03-08 15:25:17.364,,,,-58;2026-03-08 15:25:17.576,-69,-64,-64,;2026-03-08 15:25:18.177,-72,-63,-62,;2026-03-08 15:25:18.779,-70,-62,-65,;2026-03-08 15:25:19.032,-70,-64,-61,-51;2026-03-08 15:25:19.238,-70,-82,-56,-52;2026-03-08 15:25:19.444,-71,-80,-67,-48;2026-03-08 15:25:19.649,-72,-78,-56,-52;2026-03-08 15:25:19.855,-71,,-64,-48;2026-03-08 15:25:20.060,-76,-63,,-57;2026-03-08 15:25:20.268,-70,-63,-61,-48;2026-03-08 15:25:20.503,-71,-70,,-52;2026-03-08 15:25:20.719,,,-61,;2026-03-08 15:25:20.926,,,,-48;2026-03-08 15:25:20.927,-69,-73,,;2026-03-08 15:25:21.345,-67,-65,-61,-66;2026-03-08 15:25:21.751,-72,,,-57;2026-03-08 15:25:21.957,,-71,-57,;2026-03-08 15:25:22.380,-70,,,-48;2026-03-08 15:25:22.793,,-63,-62,;2026-03-08 15:25:22.998,-71,-71,-62,-52;2026-03-08 15:25:23.203,-74,-63,,-50;2026-03-08 15:25:23.409,-71,-68,-64,-50;2026-03-08 15:25:23.615,-68,-61,-65,-48",1,0.1818181818181818,0,0.0909090909090909,0,0,0
"2026-03-08 15:25:48.891,-68,-58,-54,-56;2026-03-08 15:25:48.892,-67,-57,-64,-58;2026-03-08 15:25:49.098,-65,-71,-68,-58;2026-03-08 15:25:49.496,,-65,,;2026-03-08 15:25:49.699,-67,-65,-63,-58;2026-03-08 15:25:49.904,-64,,-64,-50;2026-03-08 15:25:50.101,,-81,,;2026-03-08 15:25:50.522,-70,,-63,-59;2026-03-08 15:25:50.727,,-77,,;2026-03-08 15:25:50.932,-61,,,-60;2026-03-08 15:25:51.152,-66,-60,-68,-60;2026-03-08 15:25:51.362,-69,-60,-62,-58;2026-03-08 15:25:51.572,-62,-77,-65,-49;2026-03-08 15:25:51.778,-67,-60,,;2026-03-08 15:25:52.014,-61,-60,-62,-49;2026-03-08 15:25:52.224,-66,-65,-67,-57;2026-03-08 15:25:52.429,-62,-60,-63,-60;2026-03-08 15:25:52.633,-62,,,-49;2026-03-08 15:25:52.835,,-59,,;2026-03-08 15:25:53.041,-70,,-73,-56;2026-03-08 15:25:53.475,-73,,,;2026-03-08 15:25:53.679,,-60,-61,-56;2026-03-08 15:25:54.293,-63,-57,-61,-49;2026-03-08 15:25:54.897,-63,,-66,-56;2026-03-08 15:25:55.102,-63,-60,-62,-49;2026-03-08 15:25:55.333,-71,-57,-71,-59;2026-03-08 15:25:55.543,,-61,,;2026-03-08 15:25:55.748,-66,,-66,-55;2026-03-08 15:25:55.955,-73,,-70,-60;2026-03-08 15:25:56.360,-74,,-67,-49;2026-03-08 15:25:56.779,,,-69,;2026-03-08 15:25:57.004,-73,,,;2026-03-08 15:25:57.416,,-62,-67,-56;2026-03-08 15:25:57.623,-63,-72,,-56;2026-03-08 15:25:57.830,-67,-61,,-60;2026-03-08 15:25:58.036,,-59,,;2026-03-08 15:25:58.243,-65,-58,,-57;2026-03-08 15:25:58.468,-61,-59,,-53;2026-03-08 15:25:58.675,-64,-59,,-57",1,0.4615384615384615,0,0.5384615384615384,1,0,0
"2026-03-08 15:26:09.304,-66,-68,-64,-63;2026-03-08 15:26:09.305,-66,-67,-71,-61;2026-03-08 15:26:09.509,,-65,,;2026-03-08 15:26:09.927,-72,,,;2026-03-08 15:26:10.134,,,-70,;2026-03-08 15:26:10.135,-72,-66,-68,;2026-03-08 15:26:10.533,-75,-69,-67,;2026-03-08 15:26:10.733,-68,-67,-67,;2026-03-08 15:26:10.934,-68,-64,-72,-61;2026-03-08 15:26:11.135,,-68,,-62;2026-03-08 15:26:11.350,-63,-67,-72,-63;2026-03-08 15:26:11.591,-67,,-60,;2026-03-08 15:26:11.800,,-70,-67,;2026-03-08 15:26:12.010,-66,,,-62;2026-03-08 15:26:12.621,-66,,-68,-67;2026-03-08 15:26:13.419,,-69,-65,-64;2026-03-08 15:26:13.644,-66,,,;2026-03-08 15:26:13.850,,-69,-65,-61;2026-03-08 15:26:14.054,-69,-64,-67,-66;2026-03-08 15:26:14.259,,-69,-66,-63;2026-03-08 15:26:14.475,-69,-68,-60,-69;2026-03-08 15:26:14.677,-66,-65,-66,-64;2026-03-08 15:26:14.879,-69,-71,-68,-63;2026-03-08 15:26:15.101,-67,-65,-68,-66;2026-03-08 15:26:15.309,-68,-64,-72,-66;2026-03-08 15:26:16.120,-68,-68,-61,-66;2026-03-08 15:26:16.734,-68,-66,-61,-65;2026-03-08 15:26:17.377,-70,-67,-62,;2026-03-08 15:26:17.589,,,,-60;2026-03-08 15:26:17.804,-71,-69,-69,-62;2026-03-08 15:26:18.022,-67,,,;2026-03-08 15:26:18.023,-69,-63,-60,-65;2026-03-08 15:26:18.236,,-71,-68,-62;2026-03-08 15:26:18.449,-69,-71,-66,-62;2026-03-08 15:26:18.679,-69,-65,-62,-70;2026-03-08 15:26:18.889,-66,-70,-67,-62;2026-03-08 15:26:19.095,-65,,,-64",1,0.6470588235294118,1,0.8235294117647058,1,1,1
"2026-03-08 15:26:26.646,-73,-66,-70,-63;2026-03-08 15:26:26.855,-62,-69,,-62;2026-03-08 15:26:27.063,-62,-68,,-63;2026-03-08 15:26:27.302,-69,-59,,-65;2026-03-08 15:26:27.511,,,-70,;2026-03-08 15:26:27.720,-64,-60,-72,-64;2026-03-08 15:26:28.118,-70,-65,,-78;2026-03-08 15:26:28.919,-64,-60,,-64;2026-03-08 15:26:29.154,-66,,-72,-76;2026-03-08 15:26:29.361,,,,-64;2026-03-08 15:26:29.580,,,-67,-65;2026-03-08 15:26:29.787,-74,,-70,-66;2026-03-08 15:26:29.991,,,-69,-69;2026-03-08 15:26:30.200,,,-65,-66;2026-03-08 15:26:30.407,,-63,-66,-75;2026-03-08 15:26:30.638,,-59,-72,-65;2026-03-08 15:26:31.252,,-66,-65,-65;2026-03-08 15:26:31.653,,-68,-65,;2026-03-08 15:26:31.858,-66,,,-65;2026-03-08 15:26:32.267,-67,-66,-65,;2026-03-08 15:26:32.707,,,-65,-65;2026-03-08 15:26:32.908,,-64,,;2026-03-08 15:26:33.112,-72,,,-72;2026-03-08 15:26:33.315,-69,-67,-74,-62;2026-03-08 15:26:33.525,-67,,-68,-72;2026-03-08 15:26:33.727,-68,-64,-65,-66;2026-03-08 15:26:33.931,-67,-63,-66,-67;2026-03-08 15:26:34.158,-66,-59,,;2026-03-08 15:26:34.368,,,-74,-69;2026-03-08 15:26:34.574,-67,-65,,;2026-03-08 15:26:34.994,,,-66,-67;2026-03-08 15:26:35.200,-71,-65,,;2026-03-08 15:26:35.408,,,-72,-69;2026-03-08 15:26:35.613,,-64,,;2026-03-08 15:26:35.846,,,-71,-66;2026-03-08 15:26:36.067,,-60,,;2026-03-08 15:26:36.281,,,-71,-66",1,0.8,1,0.6,1,1,1
"2026-03-08 15:26:43.974,-58,-60,-59,-55;2026-03-08 15:26:44.220,,-57,,-61;2026-03-08 15:26:44.427,,,-58,;2026-03-08 15:26:44.630,,-61,,-57;2026-03-08 15:26:45.036,,,-60,;2026-03-08 15:26:45.254,,-60,,-57;2026-03-08 15:26:45.462,,-65,-63,-59;2026-03-08 15:26:45.667,,-61,-60,-61;2026-03-08 15:26:45.668,,-60,-59,;2026-03-08 15:26:45.899,-64,-67,-63,-59;2026-03-08 15:26:46.126,-59,-67,-58,-55;2026-03-08 15:26:46.334,-62,-58,-58,-63;2026-03-08 15:26:46.550,-66,-62,-58,-58;2026-03-08 15:26:46.771,-59,-68,-63,-55;2026-03-08 15:26:46.986,-61,-66,-61,-54;2026-03-08 15:26:47.198,-61,-56,-57,-62;2026-03-08 15:26:47.413,,-66,,;2026-03-08 15:26:47.855,-61,-61,-63,-63;2026-03-08 15:26:48.263,,-60,-63,;2026-03-08 15:26:48.264,,,,-61;2026-03-08 15:26:48.481,-58,,,;2026-03-08 15:26:48.685,,-63,-56,;2026-03-08 15:26:48.889,,,,-56;2026-03-08 15:26:49.294,,-61,-57,-58;2026-03-08 15:26:49.733,,,-58,-54;2026-03-08 15:26:49.940,,-65,-65,-58;2026-03-08 15:26:50.148,,,-57,;2026-03-08 15:26:50.149,-66,-61,-63,-54;2026-03-08 15:26:50.358,-57,-66,-57,-59;2026-03-08 15:26:50.565,,,,-54;2026-03-08 15:26:50.784,-65,-60,,-61;2026-03-08 15:26:50.785,-57,-66,-63,-53;2026-03-08 15:26:51.013,-58,-65,-56,-53;2026-03-08 15:26:51.632,-58,-60,-56,-58;2026-03-08 15:26:52.039,-66,-67,-61,-62;2026-03-08 15:26:52.463,-67,,-61,-61;2026-03-08 15:26:52.901,-64,,,-67;2026-03-08 15:26:53.310,,,-58,;2026-03-08 15:26:53.519,-65,,,-70;2026-03-08 15:26:53.728,-69,,,",1,0.9333333333333332,1,1.0,1,1,0
